id,first_name,last_name,email,salary,active
1,Melina,Posten,mposten0@spiegel.de,2243,true
2,Lani,Munton,lmunton1@csmonitor.com,16876,true
3,Darnell,Gobel,dgobel2@marketwatch.com,15802,true
4,Iona,Hollier,ihollier3@zimbio.com,1909,true
5,Eirena,Scamerdine,escamerdine4@prnewswire.com,14218,true
6,Darryl,Pidduck,dpidduck5@youku.com,13613,true
7,Roosevelt,Danihelka,rdanihelka6@privacy.gov.au,9604,true
8,Paulette,Sollars,psollars7@msu.edu,18834,true
9,Anderea,Isted,aisted8@ebay.co.uk,15763,true
10,Jillene,Catonne,jcatonne9@comcast.net,7557,true
11,Nanette,Inskipp,ninskippa@ibm.com,13680,true
12,Christos,Geely,cgeelyb@webnode.com,4884,true
13,Adelle,Menichillo,amenichilloc@upenn.edu,10594,true
14,Reuven,McKennan,rmckennand@mediafire.com,6694,true
15,Gearalt,Guerro,gguerroe@about.me,15059,true
16,Charlot,Speenden,cspeendenf@w3.org,17982,true
17,Gretna,Geraldini,ggeraldinig@sphinn.com,3224,true
18,Iggy,Jacke,ijackeh@cafepress.com,13538,true
19,Renata,Geldert,rgelderti@eventbrite.com,2797,true
20,Ollie,Tribe,otribej@mozilla.org,13420,true
21,Philippine,Sheivels,psheivelsk@mediafire.com,15067,true
22,Sloan,McAughtry,smcaughtryl@chicagotribune.com,4790,true
23,Emlynne,Jarville,ejarvillem@cbsnews.com,16394,true
24,Emily,Scholling,eschollingn@virginia.edu,3421,true
25,Jazmin,De Michele,jdemicheleo@dyndns.org,2589,true
26,Irma,Birdsall,ibirdsallp@xrea.com,17239,true
27,Brooke,Shepland,bsheplandq@washingtonpost.com,10170,true
28,Stanfield,Stayt,sstaytr@ehow.com,1683,true
29,Dylan,Donner,ddonners@cyberchimps.com,2432,true
30,Nicolle,Dencs,ndencst@samsung.com,11753,true
31,Judas,Collymore,jcollymoreu@admin.ch,11059,true
32,Jenelle,Befroy,jbefroyv@about.com,10159,true
33,Eugene,Andreou,eandreouw@ucoz.com,19874,true
34,Sena,McPhilip,smcphilipx@ucoz.com,17004,true
35,Emmi,Witcombe,ewitcombey@abc.net.au,18255,true
36,Melicent,Jurisch,mjurischz@icio.us,16320,true
37,Michal,Czajka,mczajka10@reverbnation.com,2166,true
38,Olive,Sommerling,osommerling11@myspace.com,11304,true
39,Fayette,Spier,fspier12@delicious.com,13352,true
40,Cloe,Rapp,crapp13@rakuten.co.jp,1709,true
41,Fidel,Scotcher,fscotcher14@nps.gov,13615,true
42,Ferd,Nolin,fnolin15@xing.com,17763,true
43,Lynde,Curtiss,lcurtiss16@engadget.com,19019,true
44,Gale,Egell,gegell17@zdnet.com,8736,true
45,Hertha,Iacomini,hiacomini18@unc.edu,2334,true
46,Beatrisa,Worden,bworden19@about.com,19427,true
47,Calley,Gringley,cgringley1a@dyndns.org,1935,true
48,Audrie,Lujan,alujan1b@plala.or.jp,18697,true
49,Traver,Colleton,tcolleton1c@va.gov,4042,true
50,Bartram,Dundridge,bdundridge1d@abc.net.au,13308,true
51,Gerry,Welldrake,gwelldrake1e@uiuc.edu,19220,true
52,Giselbert,Behrend,gbehrend1f@printfriendly.com,12576,true
53,Linc,Jacmar,ljacmar1g@opera.com,8108,true
54,Dasi,Brodnecke,dbrodnecke1h@time.com,13184,true
55,Nancee,Rockey,nrockey1i@google.com.br,10330,true
56,Nerita,Murden,nmurden1j@globo.com,12622,true
57,Ceil,Jakubczyk,cjakubczyk1k@sciencedaily.com,9724,true
58,Cicely,Futter,cfutter1l@blogs.com,11612,true
59,George,Moat,gmoat1m@facebook.com,5854,true
60,Willis,Brugman,wbrugman1n@imgur.com,14226,true
61,Gaynor,Georger,ggeorger1o@hp.com,7381,true
62,Celestyna,Disbrow,cdisbrow1p@arizona.edu,12008,true
63,Basil,Greaterex,bgreaterex1q@mapy.cz,16446,true
64,Catlaina,Matusson,cmatusson1r@sphinn.com,19520,true
65,Armin,Reilinger,areilinger1s@jimdo.com,11271,true
66,Walther,Darell,wdarell1t@wunderground.com,5051,true
67,Wendall,Judson,wjudson1u@pagesperso-orange.fr,19496,true
68,Murray,Karpov,mkarpov1v@about.com,2869,true
69,Zonda,Madden,zmadden1w@imdb.com,2419,true
70,Clayborne,Volante,cvolante1x@nsw.gov.au,19538,true
71,Lavina,Briston,lbriston1y@list-manage.com,3993,true
72,Bobinette,Wallach,bwallach1z@tiny.cc,7214,true
73,Philip,Meiner,pmeiner20@etsy.com,5450,true
74,Garvey,Osban,gosban21@ucsd.edu,19940,true
75,Filia,Tregien,ftregien22@mozilla.com,4027,true
76,Tybalt,Flawith,tflawith23@goo.ne.jp,13461,true
77,Merv,Stilling,mstilling24@cyberchimps.com,5786,true
78,Laural,Barwack,lbarwack25@vimeo.com,7073,true
79,Mayer,Theobald,mtheobald26@deviantart.com,16899,true
80,Blisse,Larrosa,blarrosa27@discovery.com,1185,true
81,Julianna,Hearnden,jhearnden28@japanpost.jp,2141,true
82,Traver,Mallison,tmallison29@discovery.com,2776,true
83,Helaine,Tommasetti,htommasetti2a@surveymonkey.com,14193,true
84,Ashla,McKeran,amckeran2b@tiny.cc,11776,true
85,Irena,Henriet,ihenriet2c@mediafire.com,16798,true
86,Gaynor,Wimmers,gwimmers2d@wordpress.com,17393,true
87,Huntlee,Brehat,hbrehat2e@indiatimes.com,6253,true
88,Cristal,Fairhurst,cfairhurst2f@storify.com,1695,true
89,Cynde,Van der Son,cvanderson2g@wp.com,13063,true
90,Patin,Mitkcov,pmitkcov2h@google.cn,9290,true
91,Vance,Rawles,vrawles2i@nifty.com,1896,true
92,Obediah,Peaden,opeaden2j@umich.edu,19643,true
93,Lyndsey,Marini,lmarini2k@earthlink.net,7166,true
94,Ford,Batterton,fbatterton2l@bing.com,9723,true
95,Rosana,Preene,rpreene2m@hud.gov,5187,true
96,Grove,Drable,gdrable2n@epa.gov,7969,true
97,Celisse,Kyllford,ckyllford2o@fda.gov,4749,true
98,Ephraim,Salthouse,esalthouse2p@omniture.com,10731,true
99,Jeannette,Kryszkiecicz,jkryszkiecicz2q@mapquest.com,11638,true
100,Shandie,Afonso,safonso2r@craigslist.org,11443,true
101,Glenine,Clubley,gclubley2s@gnu.org,8687,true
102,Luigi,Managh,lmanagh2t@tuttocitta.it,17334,true
103,Charlie,Keeton,ckeeton2u@example.com,10267,true
104,Caron,Gayler,cgayler2v@reuters.com,14379,true
105,Tabbie,Bewsey,tbewsey2w@storify.com,12507,true
106,Arty,Adamovich,aadamovich2x@reverbnation.com,10290,true
107,Alexio,Aris,aaris2y@smh.com.au,5518,true
108,Kingston,Stopford,kstopford2z@sohu.com,1239,true
109,Jephthah,Tarbett,jtarbett30@hhs.gov,8126,true
110,Kennie,Franscioni,kfranscioni31@barnesandnoble.com,5022,true
111,Michal,Wanek,mwanek32@scientificamerican.com,8058,true
112,Margalo,Benton,mbenton33@drupal.org,5144,true
113,Pierson,Andreucci,pandreucci34@smugmug.com,11801,true
114,Burnard,Ikringill,bikringill35@cocolog-nifty.com,18171,true
115,Marci,Coggin,mcoggin36@dmoz.org,18464,true
116,Jana,Sedgemore,jsedgemore37@forbes.com,10767,true
117,Ferdy,Buckwell,fbuckwell38@live.com,7936,true
118,Loren,Fordham,lfordham39@imdb.com,14818,true
119,Brigid,Serridge,bserridge3a@1688.com,16640,true
120,Stevie,Emlyn,semlyn3b@blogtalkradio.com,3443,true
121,Giustina,Lynes,glynes3c@mac.com,4452,true
122,Jada,Lockton,jlockton3d@tinyurl.com,7442,true
123,Pembroke,Facey,pfacey3e@alibaba.com,11886,true
124,Dody,Peltzer,dpeltzer3f@1und1.de,4222,true
125,Dulciana,Toynbee,dtoynbee3g@fema.gov,16152,true
126,Dody,Hinrichsen,dhinrichsen3h@qq.com,15550,true
127,Amara,Espinoy,aespinoy3i@squidoo.com,12922,true
128,Hilario,Reinhard,hreinhard3j@discuz.net,17420,true
129,Godfry,Lagadu,glagadu3k@alexa.com,12411,true
130,Damon,Thompkins,dthompkins3l@latimes.com,19315,true
131,Didi,McKitterick,dmckitterick3m@51.la,18411,true
132,Skelly,Leaver,sleaver3n@cbsnews.com,13815,true
133,Brynn,Amery,bamery3o@scribd.com,5760,true
134,Tamra,Cocking,tcocking3p@google.it,9379,true
135,Wiatt,Durward,wdurward3q@fastcompany.com,18767,true
136,Winni,Haggus,whaggus3r@bandcamp.com,1210,true
137,Grace,O'Flynn,goflynn3s@taobao.com,14579,true
138,Joy,Scrammage,jscrammage3t@ed.gov,18896,true
139,Sibby,Jewitt,sjewitt3u@usda.gov,1359,true
140,Cello,Whitesel,cwhitesel3v@upenn.edu,7074,true
141,Herman,Bercher,hbercher3w@qq.com,9569,true
142,Julius,Unsworth,junsworth3x@unicef.org,16586,true
143,Fernandina,Northage,fnorthage3y@joomla.org,13352,true
144,Alvina,Hairyes,ahairyes3z@cafepress.com,16704,true
145,Gal,McGreary,gmcgreary40@indiegogo.com,1255,true
146,Briny,Weakley,bweakley41@ocn.ne.jp,18507,true
147,Jacqui,Ackrill,jackrill42@who.int,13366,true
148,Torrance,Shatliff,tshatliff43@indiatimes.com,14672,true
149,Conant,Trayton,ctrayton44@admin.ch,5195,true
150,Prudy,Sarll,psarll45@angelfire.com,17946,true
151,Olav,Tremollet,otremollet46@e-recht24.de,17276,true
152,Didi,McNeil,dmcneil47@sogou.com,4899,true
153,Gayle,Cordelette,gcordelette48@harvard.edu,12158,true
154,Aldus,O'Crowley,aocrowley49@oracle.com,14306,true
155,Filmer,Everson,feverson4a@bravesites.com,5833,true
156,Dominic,Brownsea,dbrownsea4b@csmonitor.com,7139,true
157,Freddy,Blackaller,fblackaller4c@yellowbook.com,14393,true
158,Anton,Corbett,acorbett4d@xing.com,11717,true
159,Chelsie,Bithany,cbithany4e@statcounter.com,1975,true
160,Phillipp,Scroyton,pscroyton4f@nydailynews.com,5176,true
161,Jarib,Ind,jind4g@purevolume.com,9307,true
162,Rozalie,Toleman,rtoleman4h@tripod.com,11388,true
163,Winn,Monnoyer,wmonnoyer4i@sciencedaily.com,7489,true
164,Gaston,Klawi,gklawi4j@geocities.com,5075,true
165,Sidonnie,Sheirlaw,ssheirlaw4k@google.it,15494,true
166,Rory,Hollyman,rhollyman4l@dedecms.com,11763,true
167,Allen,Jodlowski,ajodlowski4m@ibm.com,11880,true
168,Natale,Stretton,nstretton4n@hugedomains.com,2776,true
169,Alexina,Hartridge,ahartridge4o@berkeley.edu,9342,true
170,Lenee,D'eathe,ldeathe4p@mtv.com,19852,true
171,Coretta,Batrop,cbatrop4q@aol.com,19499,true
172,Daniele,Dowty,ddowty4r@csmonitor.com,2221,true
173,Lenka,Haggie,lhaggie4s@cdbaby.com,4235,true
174,Shane,Zanotti,szanotti4t@yale.edu,11904,true
175,Dianne,Dorkens,ddorkens4u@loc.gov,5518,true
176,Mitchel,Stieger,mstieger4v@reddit.com,17222,true
177,Hebert,Adderson,hadderson4w@nydailynews.com,2204,true
178,Breanne,Marler,bmarler4x@squidoo.com,2109,true
179,Alan,Ponton,aponton4y@51.la,10349,true
180,Van,Demelt,vdemelt4z@blogtalkradio.com,17558,true
181,Drusilla,Segge,dsegge50@foxnews.com,12033,true
182,Dona,Armatys,darmatys51@diigo.com,2441,true
183,Phylis,Joddins,pjoddins52@discuz.net,4140,true
184,Edan,Sapson,esapson53@fotki.com,14902,true
185,Clarke,Garforth,cgarforth54@omniture.com,6570,true
186,Boothe,Snelgar,bsnelgar55@google.com.br,14880,true
187,Melodee,Bowie,mbowie56@uiuc.edu,17955,true
188,Roseline,Wissbey,rwissbey57@example.com,17828,true
189,Caprice,Roakes,croakes58@omniture.com,1102,true
190,Elihu,Sharpling,esharpling59@usa.gov,6385,true
191,Bonita,Toffaloni,btoffaloni5a@economist.com,13229,true
192,Alexandro,Eborn,aeborn5b@harvard.edu,3252,true
193,Kinny,Keaves,kkeaves5c@wunderground.com,4917,true
194,Arnoldo,Bogges,abogges5d@a8.net,12551,true
195,Cybil,Jedrzejewski,cjedrzejewski5e@omniture.com,15075,true
196,Shermy,Hanselman,shanselman5f@japanpost.jp,12227,true
197,Almire,Crosskill,acrosskill5g@wufoo.com,10999,true
198,Darlleen,Danielis,ddanielis5h@barnesandnoble.com,3909,true
199,Lurline,Hizir,lhizir5i@smh.com.au,2147,true
200,Wain,Heyns,wheyns5j@pcworld.com,5952,true
201,Doe,Dillet,ddillet5k@psu.edu,3499,true
202,Nisse,Paulisch,npaulisch5l@redcross.org,17695,true
203,Marcia,Duddin,mduddin5m@creativecommons.org,19283,true
204,Granger,Kelmere,gkelmere5n@paginegialle.it,11915,true
205,Vinita,Brewster,vbrewster5o@wix.com,4110,true
206,Sumner,Taffarello,staffarello5p@economist.com,18718,true
207,Jodi,Danilewicz,jdanilewicz5q@sourceforge.net,18867,true
208,Mitch,Dauney,mdauney5r@phpbb.com,16518,true
209,Derek,Ditchett,dditchett5s@sbwire.com,4173,true
210,Aundrea,Cristea,acristea5t@newyorker.com,12967,true
211,Deonne,Beane,dbeane5u@nydailynews.com,8343,true
212,Eleonore,Dreghorn,edreghorn5v@wikia.com,5994,true
213,Janene,Adamec,jadamec5w@woothemes.com,14975,true
214,Hillery,Ruselin,hruselin5x@businesswire.com,1443,true
215,Breena,Leftridge,bleftridge5y@nhs.uk,16683,true
216,Mona,Mariolle,mmariolle5z@google.com.br,16861,true
217,Jeanna,Lindenboim,jlindenboim60@so-net.ne.jp,9726,true
218,Osbert,Ketteringham,oketteringham61@tiny.cc,4681,true
219,Thatch,Ravenhill,travenhill62@reverbnation.com,3949,true
220,Marabel,Barstock,mbarstock63@newyorker.com,4943,true
221,Delano,Stubbeley,dstubbeley64@qq.com,17973,true
222,Elissa,Tringham,etringham65@seesaa.net,16469,true
223,Frank,Kilban,fkilban66@google.com.au,1134,true
224,Gwendolyn,Butland,gbutland67@cmu.edu,17366,true
225,Burch,Redmire,bredmire68@nydailynews.com,7947,true
226,Gregg,Antonich,gantonich69@soup.io,12197,true
227,Andra,Jurewicz,ajurewicz6a@google.com.br,3141,true
228,Sawyer,Korb,skorb6b@stumbleupon.com,14401,true
229,Sonny,Petegree,spetegree6c@ucoz.com,16531,true
230,Ram,Balsdon,rbalsdon6d@woothemes.com,7937,true
231,Gena,Chotty,gchotty6e@deliciousdays.com,9077,true
232,Marijn,Gong,mgong6f@bing.com,13693,true
233,Markos,Pollicote,mpollicote6g@exblog.jp,17671,true
234,Gibbie,Moen,gmoen6h@shinystat.com,1606,true
235,Rachelle,Pidwell,rpidwell6i@miibeian.gov.cn,12325,true
236,Evvy,Sollitt,esollitt6j@fastcompany.com,14979,true
237,Morena,Kell,mkell6k@unc.edu,6842,true
238,Darcie,Delacroix,ddelacroix6l@usa.gov,3800,true
239,Neall,Cotesford,ncotesford6m@goo.ne.jp,19364,true
240,Mariya,Artiss,martiss6n@sun.com,13743,true
241,Marilin,Hanrott,mhanrott6o@booking.com,2424,true
242,Terrijo,Molyneux,tmolyneux6p@biglobe.ne.jp,11403,true
243,Sabina,Glanders,sglanders6q@sourceforge.net,17186,true
244,Orel,Iacofo,oiacofo6r@cyberchimps.com,15004,true
245,Eilis,Pothecary,epothecary6s@51.la,13934,true
246,Janot,Glencrosche,jglencrosche6t@technorati.com,15345,true
247,Shelly,Awde,sawde6u@cloudflare.com,1285,true
248,Patrice,Deetlefs,pdeetlefs6v@4shared.com,3532,true
249,Rebeca,Kruger,rkruger6w@rambler.ru,5954,true
250,Carolan,Van den Velde,cvandenvelde6x@salon.com,15356,true
251,Ninon,Coton,ncoton6y@nytimes.com,15186,true
252,Vania,Cullingworth,vcullingworth6z@histats.com,1349,true
253,Merry,Alvarado,malvarado70@discuz.net,4157,true
254,Denver,Leckie,dleckie71@e-recht24.de,2176,true
255,Margaret,Braiden,mbraiden72@ca.gov,14585,true
256,Mureil,Jaskowicz,mjaskowicz73@spiegel.de,3833,true
257,Trevar,Ahmed,tahmed74@imgur.com,1150,true
258,Corilla,Ausiello,causiello75@ibm.com,19303,true
259,Gael,Gjerde,ggjerde76@tripadvisor.com,1144,true
260,Allix,Osorio,aosorio77@diigo.com,4310,true
261,Glori,Penny,gpenny78@issuu.com,9336,true
262,Griselda,Weyman,gweyman79@vinaora.com,12118,true
263,Alvis,Renackowna,arenackowna7a@flavors.me,1586,true
264,Liza,Priddis,lpriddis7b@miitbeian.gov.cn,16375,true
265,Brigid,Petrello,bpetrello7c@noaa.gov,17077,true
266,Peggi,Moss,pmoss7d@cnet.com,7168,true
267,Wilie,Alden,walden7e@wp.com,18682,true
268,Guthrey,Bixley,gbixley7f@qq.com,3898,true
269,Daniele,Laidler,dlaidler7g@si.edu,16710,true
270,Rozanna,Duesberry,rduesberry7h@fda.gov,8067,true
271,Rick,Risely,rrisely7i@un.org,18597,true
272,Sebastien,Stodart,sstodart7j@prweb.com,6353,true
273,Gaylor,Hellwig,ghellwig7k@msn.com,17484,true
274,Uta,Boyda,uboyda7l@wordpress.com,5213,true
275,Coralyn,Linton,clinton7m@deviantart.com,16229,true
276,Jourdain,Causbey,jcausbey7n@auda.org.au,2327,true
277,Kata,Poppleton,kpoppleton7o@blogtalkradio.com,12992,true
278,Washington,Westmoreland,wwestmoreland7p@cnbc.com,8812,true
279,Lalo,Pentercost,lpentercost7q@eventbrite.com,18441,true
280,Ranice,Gobel,rgobel7r@imageshack.us,3268,true
281,Shirlene,Bernardotti,sbernardotti7s@bandcamp.com,19703,true
282,Chancey,Gosker,cgosker7t@mysql.com,16160,true
283,Barb,Splain,bsplain7u@tuttocitta.it,16945,true
284,Den,Ginman,dginman7v@npr.org,17809,true
285,Nikaniki,Eirwin,neirwin7w@statcounter.com,6902,true
286,Sallyann,Butterick,sbutterick7x@amazon.com,12518,true
287,Mead,Coye,mcoye7y@hubpages.com,6347,true
288,Emmalee,Kimmerling,ekimmerling7z@wufoo.com,18303,true
289,Anet,Rippingall,arippingall80@smh.com.au,2484,true
290,Myles,Gallehock,mgallehock81@drupal.org,14348,true
291,Aurilia,Pudge,apudge82@nationalgeographic.com,13406,true
292,Demetria,Brosetti,dbrosetti83@ustream.tv,6216,true
293,Lesli,Stains,lstains84@npr.org,13977,true
294,Andrus,Loan,aloan85@photobucket.com,1216,true
295,Chrysler,McMennum,cmcmennum86@tmall.com,10575,true
296,Mason,Broadway,mbroadway87@dailymotion.com,9766,true
297,Ali,Sterrick,asterrick88@quantcast.com,14538,true
298,Cal,Copcott,ccopcott89@over-blog.com,13547,true
299,Wayne,McGilroy,wmcgilroy8a@irs.gov,11118,true
300,Archibald,Brandassi,abrandassi8b@clickbank.net,4611,true
301,Carly,Weild,cweild8c@about.me,17438,true
302,Hilario,Dron,hdron8d@naver.com,13647,true
303,Birgit,Crooks,bcrooks8e@businesswire.com,7934,true
304,Dave,Iddiens,diddiens8f@drupal.org,15505,true
305,Heather,Rudolph,hrudolph8g@moonfruit.com,18680,true
306,Codi,Blore,cblore8h@creativecommons.org,5866,true
307,Saundra,Filippozzi,sfilippozzi8i@harvard.edu,17225,true
308,Kirby,Pifford,kpifford8j@disqus.com,6739,true
309,Court,Stolz,cstolz8k@bloglovin.com,5886,true
310,Gloriana,Gianulli,ggianulli8l@sun.com,8686,true
311,Frederick,Londsdale,flondsdale8m@4shared.com,18248,true
312,Augusta,Hubber,ahubber8n@tiny.cc,18437,true
313,Mikey,Lithcow,mlithcow8o@tumblr.com,19008,true
314,Aleen,Ambrogi,aambrogi8p@uol.com.br,17279,true
315,Britt,Cutmore,bcutmore8q@mozilla.com,5632,true
316,Hollie,Simakov,hsimakov8r@huffingtonpost.com,16855,true
317,Odessa,Tennewell,otennewell8s@ucoz.ru,10028,true
318,Heather,Raselles,hraselles8t@hibu.com,11999,true
319,Giacinta,Cardo,gcardo8u@uiuc.edu,7649,true
320,Arther,Snalom,asnalom8v@ehow.com,12282,true
321,Sarge,Mottley,smottley8w@odnoklassniki.ru,18054,true
322,Shirlene,Rudderham,srudderham8x@walmart.com,8404,true
323,Bidget,Gentry,bgentry8y@flickr.com,10033,true
324,Brier,Pagnin,bpagnin8z@ovh.net,12666,true
325,Leshia,Heustace,lheustace90@springer.com,10403,true
326,Fin,MacIlhargy,fmacilhargy91@google.fr,9705,true
327,Hilary,Myall,hmyall92@jalbum.net,2226,true
328,Glen,Owthwaite,gowthwaite93@people.com.cn,1117,true
329,Linc,Vayne,lvayne94@over-blog.com,17056,true
330,Prentice,Baigrie,pbaigrie95@freewebs.com,8982,true
331,Geoffry,Schurcke,gschurcke96@51.la,10395,true
332,Ignatius,Toderbrugge,itoderbrugge97@unblog.fr,9155,true
333,Mitch,Richin,mrichin98@deliciousdays.com,2943,true
334,Tam,Rudland,trudland99@mail.ru,2496,true
335,Dawna,Meardon,dmeardon9a@upenn.edu,12541,true
336,Billye,Ventum,bventum9b@ucsd.edu,15739,true
337,Geordie,Cristoforetti,gcristoforetti9c@ustream.tv,4529,true
338,Arne,Easen,aeasen9d@vistaprint.com,1094,true
339,Kirbee,Ivanyushkin,kivanyushkin9e@usgs.gov,6242,true
340,Bendix,McGeachy,bmcgeachy9f@sfgate.com,13552,true
341,Celie,Stebbings,cstebbings9g@odnoklassniki.ru,6063,true
342,Jenda,Creigan,jcreigan9h@vistaprint.com,17227,true
343,La verne,Hulance,lhulance9i@miibeian.gov.cn,17415,true
344,Laverne,Andreini,landreini9j@vk.com,11834,true
345,Gayel,Zannuto,gzannuto9k@miitbeian.gov.cn,13900,true
346,Pearline,Challender,pchallender9l@blogs.com,17526,true
347,Billye,Mc Harg,bmcharg9m@tripadvisor.com,12780,true
348,Correna,Winscum,cwinscum9n@bluehost.com,9636,true
349,Sarajane,Meiklejohn,smeiklejohn9o@oracle.com,19574,true
350,Raul,Cheltnam,rcheltnam9p@xing.com,14173,true
351,Esteban,Buzza,ebuzza9q@homestead.com,5597,true
352,Penn,McKibben,pmckibben9r@dyndns.org,2901,true
353,Charlena,Sear,csear9s@elpais.com,12864,true
354,Aloisia,Farrants,afarrants9t@google.cn,8853,true
355,Tomasine,Coot,tcoot9u@xing.com,14502,true
356,Merrily,Fuggle,mfuggle9v@paginegialle.it,2985,true
357,Zachery,McGaraghan,zmcgaraghan9w@plala.or.jp,5133,true
358,Ashla,Gartsyde,agartsyde9x@tuttocitta.it,14462,true
359,Pammy,Givens,pgivens9y@paypal.com,8295,true
360,Ardyth,Baccup,abaccup9z@walmart.com,16015,true
361,Ailyn,Yellowley,ayellowleya0@xinhuanet.com,8042,true
362,Torry,Whitewood,twhitewooda1@tinyurl.com,12395,true
363,Malcolm,Martin,mmartina2@networksolutions.com,8653,true
364,Ingelbert,Caplen,icaplena3@jalbum.net,8674,true
365,Dexter,Woolaghan,dwoolaghana4@godaddy.com,3258,true
366,Brietta,Donat,bdonata5@biblegateway.com,8040,true
367,Margarete,Caslane,mcaslanea6@t.co,18656,true
368,Carlen,Crannell,ccrannella7@parallels.com,7842,true
369,Merrilee,Dundon,mdundona8@parallels.com,2134,true
370,Colly,Worsam,cworsama9@soup.io,15987,true
371,Janene,Blayney,jblayneyaa@hexun.com,9250,true
372,Hugh,Clulow,hclulowab@usnews.com,18614,true
373,Juanita,Perulli,jperulliac@yahoo.co.jp,15740,true
374,Bevvy,O'Carney,bocarneyad@hostgator.com,9975,true
375,Leoline,Dirr,ldirrae@t-online.de,13666,true
376,Miof mela,Blankenship,mblankenshipaf@taobao.com,11121,true
377,Gweneth,Tulloch,gtullochag@earthlink.net,6249,true
378,Christean,Baudinelli,cbaudinelliah@fc2.com,8282,true
379,Becki,Tatteshall,btatteshallai@acquirethisname.com,18569,true
380,Carrol,Checklin,cchecklinaj@ted.com,19131,true
381,Florinda,Yetts,fyettsak@a8.net,5525,true
382,Kurtis,Trevenu,ktrevenual@nih.gov,11826,true
383,Katrine,Lloyd-Williams,klloydwilliamsam@ftc.gov,17868,true
384,Beilul,de Mendoza,bdemendozaan@unblog.fr,7147,true
385,Nickolaus,Dolle,ndolleao@thetimes.co.uk,15366,true
386,Frederick,Romain,fromainap@hc360.com,12745,true
387,Philis,Hill,phillaq@webs.com,5867,true
388,Dione,Igglesden,digglesdenar@sbwire.com,1850,true
389,Michele,Andrea,mandreaas@sitemeter.com,14311,true
390,Kati,Kerrich,kkerrichat@harvard.edu,7888,true
391,Nicolina,Salsbury,nsalsburyau@phoca.cz,19316,true
392,Deidre,Soane,dsoaneav@cdbaby.com,15211,true
393,Kristi,Butterfield,kbutterfieldaw@independent.co.uk,17355,true
394,Cathy,Rogliero,croglieroax@about.com,3503,true
395,Phyllis,Eaken,peakenay@cocolog-nifty.com,3413,true
396,Balduin,Pllu,bplluaz@ted.com,14932,true
397,Adrian,Judson,ajudsonb0@nbcnews.com,10400,true
398,Penelopa,Fesby,pfesbyb1@boston.com,2750,true
399,Gibbie,Dashper,gdashperb2@nhs.uk,8812,true
400,Ignaz,Tather,itatherb3@mit.edu,7826,true
401,Janek,Jell,jjellb4@theglobeandmail.com,4995,true
402,Letisha,Broseke,lbrosekeb5@china.com.cn,16848,true
403,Eddie,Gadney,egadneyb6@harvard.edu,2791,true
404,Alan,Mickleburgh,amickleburghb7@elegantthemes.com,17616,true
405,Erskine,Badgers,ebadgersb8@mayoclinic.com,15616,true
406,Addison,Yvens,ayvensb9@ustream.tv,9135,true
407,Raddy,Martinetto,rmartinettoba@ebay.com,7694,true
408,Jae,Meuse,jmeusebb@nasa.gov,11275,true
409,Shanan,Lealle,sleallebc@redcross.org,16301,true
410,Elonore,Eagling,eeaglingbd@washingtonpost.com,4591,true
411,Adlai,Mackness,amacknessbe@ehow.com,8329,true
412,Wolfgang,Pillifant,wpillifantbf@nytimes.com,17563,true
413,Mikaela,Collington,mcollingtonbg@usgs.gov,14376,true
414,Dirk,Bryant,dbryantbh@netscape.com,3642,true
415,Meggy,Babbe,mbabbebi@zimbio.com,11735,true
416,Kristine,Fay,kfaybj@mayoclinic.com,7675,true
417,Isacco,Blinckhorne,iblinckhornebk@hubpages.com,7596,true
418,Ganny,Veldens,gveldensbl@soundcloud.com,15540,true
419,Sibelle,Bortolotti,sbortolottibm@wiley.com,9784,true
420,Noach,Sunnex,nsunnexbn@discovery.com,4185,true
421,Bart,Coltherd,bcoltherdbo@fema.gov,5456,true
422,Alleyn,Isaksen,aisaksenbp@multiply.com,18063,true
423,Gabey,Gregorace,ggregoracebq@virginia.edu,1017,true
424,Spence,Winsper,swinsperbr@vinaora.com,18094,true
425,Ashlin,Dedam,adedambs@nature.com,14372,true
426,Terese,Hasselby,thasselbybt@foxnews.com,18981,true
427,Reginald,MacArd,rmacardbu@imgur.com,14443,true
428,Leslie,Salerg,lsalergbv@apple.com,18319,true
429,Malva,Hennington,mhenningtonbw@google.co.jp,7829,true
430,Marthe,McDugal,mmcdugalbx@clickbank.net,11302,true
431,Leopold,Shillan,lshillanby@time.com,9608,true
432,Joshuah,Bogies,jbogiesbz@example.com,8267,true
433,Reina,Poolman,rpoolmanc0@intel.com,15129,true
434,Linn,Martinson,lmartinsonc1@vkontakte.ru,4280,true
435,Brod,Luther,blutherc2@dedecms.com,6924,true
436,Guss,Hawking,ghawkingc3@jiathis.com,5286,true
437,Gustavo,Fairburn,gfairburnc4@soup.io,4508,true
438,Darsie,Greenwood,dgreenwoodc5@nbcnews.com,2183,true
439,Harri,Grimsdell,hgrimsdellc6@merriam-webster.com,6381,true
440,Laverne,Borrie,lborriec7@ox.ac.uk,18020,true
441,Xerxes,Bower,xbowerc8@cdc.gov,3215,true
442,Jackie,Stubbes,jstubbesc9@scribd.com,5253,true
443,Calla,Patria,cpatriaca@meetup.com,13782,true
444,Kippy,Iredell,kiredellcb@ebay.com,2322,true
445,Jodee,Heale,jhealecc@umich.edu,7426,true
446,Evangelina,Yorke,eyorkecd@e-recht24.de,5149,true
447,Josh,Gunthorpe,jgunthorpece@feedburner.com,15739,true
448,Doris,Liffe,dliffecf@list-manage.com,5738,true
449,Steffane,Jobern,sjoberncg@nasa.gov,1319,true
450,Leigh,Potebury,lpoteburych@spiegel.de,9271,true
451,Cherianne,Gait,cgaitci@patch.com,17349,true
452,Denni,Lamke,dlamkecj@discuz.net,17588,true
453,Shawn,Westcott,swestcottck@sohu.com,11580,true
454,Elvis,Muccino,emuccinocl@histats.com,3162,true
455,Gil,Mewis,gmewiscm@unc.edu,2218,true
456,Dollie,Elloy,delloycn@nps.gov,9518,true
457,Dorelia,Philcock,dphilcockco@merriam-webster.com,10700,true
458,Gene,Hucks,ghuckscp@google.fr,11639,true
459,Ellen,Rambaut,erambautcq@oaic.gov.au,12384,true
460,Elbertine,Simson,esimsoncr@dagondesign.com,13451,true
461,Anjela,Mallinson,amallinsoncs@mac.com,4318,true
462,Caleb,Menhenitt,cmenhenittct@usnews.com,15818,true
463,Hortensia,Corn,hcorncu@google.it,11517,true
464,Greta,Barbara,gbarbaracv@posterous.com,12752,true
465,Findlay,Frodsam,ffrodsamcw@example.com,1255,true
466,Hamel,Tennewell,htennewellcx@over-blog.com,9091,true
467,Forester,Eastham,feasthamcy@xinhuanet.com,1323,true
468,Dex,Dunkley,ddunkleycz@xinhuanet.com,17261,true
469,Brew,Simonou,bsimonoud0@state.gov,1037,true
470,Shaun,Wile,swiled1@indiegogo.com,5947,true
471,Pren,Cuthbertson,pcuthbertsond2@sogou.com,1623,true
472,Karmen,Stubbs,kstubbsd3@toplist.cz,16128,true
473,Sinclair,Gumm,sgummd4@meetup.com,16538,true
474,Northrop,Pendrick,npendrickd5@weibo.com,4243,true
475,Tulley,Ovett,tovettd6@whitehouse.gov,4048,true
476,Agatha,Ianson,aiansond7@ycombinator.com,10405,true
477,Juliann,Boulstridge,jboulstridged8@epa.gov,14840,true
478,Aprilette,Albrighton,aalbrightond9@ftc.gov,14809,true
479,Holly-anne,Grahlmans,hgrahlmansda@japanpost.jp,5542,true
480,Ring,Lias,rliasdb@geocities.com,9335,true
481,Billie,Barfoot,bbarfootdc@wsj.com,2158,true
482,Gratiana,Ingleton,gingletondd@cmu.edu,16425,true
483,Baldwin,Durning,bdurningde@java.com,18710,true
484,Izaak,Condon,icondondf@google.com.hk,7832,true
485,Chloris,Di Bartolomeo,cdibartolomeodg@mail.ru,16674,true
486,Osmond,Banting,obantingdh@state.gov,6574,true
487,Baudoin,Semeradova,bsemeradovadi@ask.com,16365,true
488,Jere,Yeld,jyelddj@washingtonpost.com,16060,true
489,Viole,Grieg,vgriegdk@storify.com,8596,true
490,Madel,Holme,mholmedl@miibeian.gov.cn,1727,true
491,Orion,Barracks,obarracksdm@live.com,12624,true
492,Essy,Rearden,ereardendn@nifty.com,1631,true
493,Nanice,Wands,nwandsdo@mlb.com,1869,true
494,Tammara,Hanhard,thanharddp@google.com.br,6494,true
495,Heriberto,McGillivrie,hmcgillivriedq@msn.com,8957,true
496,Vinson,Haining,vhainingdr@ox.ac.uk,6238,true
497,Denver,Gilhouley,dgilhouleyds@domainmarket.com,2118,true
498,Marten,Hammersley,mhammersleydt@yellowbook.com,7431,true
499,Carolin,Le Sarr,clesarrdu@msu.edu,18891,true
500,Fidelia,Overall,foveralldv@cloudflare.com,12950,true
501,Morry,Abby,mabbydw@adobe.com,11108,true
502,Iain,Wathell,iwathelldx@wp.com,19853,true
503,Carlos,Gorhardt,cgorhardtdy@digg.com,9292,true
504,Elvin,Gallemore,egallemoredz@usa.gov,18536,true
505,Amargo,Winfred,awinfrede0@edublogs.org,3417,true
506,Marne,Sedgebeer,msedgebeere1@constantcontact.com,19587,true
507,Kassi,Addess,kaddesse2@fema.gov,6443,true
508,Noble,Bonsul,nbonsule3@ucla.edu,19847,true
509,Adrienne,Bockmann,abockmanne4@wisc.edu,18878,true
510,Massimiliano,Morit,mmorite5@kickstarter.com,11140,true
511,Charil,Hyde,chydee6@gravatar.com,19587,true
512,Natividad,Lerhinan,nlerhinane7@ezinearticles.com,1743,true
513,Silva,Sybbe,ssybbee8@ed.gov,11087,true
514,Bettye,Maxwell,bmaxwelle9@ucoz.com,12540,true
515,Quinton,Ramstead,qramsteadea@cam.ac.uk,10127,true
516,Davide,Middlemist,dmiddlemisteb@mysql.com,2569,true
517,Daphne,O'Beirne,dobeirneec@guardian.co.uk,8003,true
518,Rey,Orrum,rorrumed@cbc.ca,8243,true
519,Fairfax,Logue,flogueee@nytimes.com,16421,true
520,Shannon,Ollivier,sollivieref@forbes.com,3354,true
521,Tara,Rivelin,trivelineg@globo.com,19414,true
522,Arluene,Grabert,agraberteh@cnet.com,12838,true
523,Louisette,Burleigh,lburleighei@opera.com,2666,true
524,Hazel,Ivanishev,hivanishevej@latimes.com,2112,true
525,Barris,Klaussen,bklaussenek@storify.com,8987,true
526,Maurizio,Cornick,mcornickel@tripod.com,3972,true
527,Carolina,Kender,ckenderem@artisteer.com,3180,true
528,Henrik,Wayvill,hwayvillen@skyrock.com,8266,true
529,Stevie,Funnell,sfunnelleo@cloudflare.com,2939,true
530,Yevette,Fick,yfickep@shareasale.com,19876,true
531,Susanna,Montez,smontezeq@tinypic.com,2981,true
532,Lisbeth,Rumens,lrumenser@sfgate.com,11517,true
533,Lelia,Hebard,lhebardes@over-blog.com,8273,true
534,Avery,De Biaggi,adebiaggiet@example.com,6230,true
535,Ralf,Josefson,rjosefsoneu@state.gov,13685,true
536,Penelopa,Sunner,psunnerev@seesaa.net,16855,true
537,Uriel,Dunridge,udunridgeew@weather.com,12378,true
538,Tobin,Branston,tbranstonex@fema.gov,4378,true
539,Taite,Madle,tmadleey@jiathis.com,4318,true
540,Annaliese,Illsley,aillsleyez@tinypic.com,9544,true
541,Derril,Carpmile,dcarpmilef0@t-online.de,8838,true
542,Jordana,Stoneley,jstoneleyf1@globo.com,19313,true
543,Fairlie,Fratczak,ffratczakf2@mail.ru,3864,true
544,Gerianne,Comsty,gcomstyf3@google.nl,5939,true
545,Cosette,Churms,cchurmsf4@unicef.org,13179,true
546,Sonnie,Keelinge,skeelingef5@cnbc.com,5932,true
547,Lib,Dzenisenka,ldzenisenkaf6@umich.edu,16363,true
548,Inglebert,Menham,imenhamf7@purevolume.com,1406,true
549,Daffi,Littlepage,dlittlepagef8@vk.com,19152,true
550,Henryetta,Pattillo,hpattillof9@people.com.cn,8662,true
551,Evelina,Cowitz,ecowitzfa@google.nl,11643,true
552,Aggie,Burrus,aburrusfb@oracle.com,16286,true
553,Andris,Braddock,abraddockfc@nytimes.com,15174,true
554,Gabby,Causton,gcaustonfd@homestead.com,16414,true
555,Ansell,Limer,alimerfe@fema.gov,16767,true
556,Dynah,Keddie,dkeddieff@youtube.com,3087,true
557,Andrew,Renish,arenishfg@youtu.be,16314,true
558,Corny,Decent,cdecentfh@cbslocal.com,17811,true
559,Mary,Andreopolos,mandreopolosfi@dedecms.com,4808,true
560,Phil,Saile,psailefj@virginia.edu,2697,true
561,Marcelo,Beardall,mbeardallfk@instagram.com,4476,true
562,Clemente,Allabarton,callabartonfl@instagram.com,9884,true
563,Chantal,Crossan,ccrossanfm@amazon.co.jp,12867,true
564,Pyotr,Capewell,pcapewellfn@sitemeter.com,17594,true
565,Geoffry,Arnet,garnetfo@ihg.com,2741,true
566,Rebe,Spacie,rspaciefp@hc360.com,2446,true
567,Jillane,Korpolak,jkorpolakfq@shop-pro.jp,11052,true
568,Simmonds,Ribou,sriboufr@printfriendly.com,9428,true
569,Riobard,Keson,rkesonfs@i2i.jp,5214,true
570,Banky,Blazynski,bblazynskift@latimes.com,8587,true
571,Mohandas,Devonish,mdevonishfu@earthlink.net,1840,true
572,Bert,Bannell,bbannellfv@gov.uk,13463,true
573,Dyann,Tunuy,dtunuyfw@etsy.com,11185,true
574,Sidonnie,Morford,smorfordfx@marketwatch.com,2374,true
575,Jessy,Cavan,jcavanfy@tripadvisor.com,2078,true
576,Dyanna,Diment,ddimentfz@cisco.com,13036,true
577,Axel,Cail,acailg0@fc2.com,12858,true
578,Cyndy,Iacomi,ciacomig1@paginegialle.it,4338,true
579,Joellen,Turfitt,jturfittg2@forbes.com,2786,true
580,Sunshine,Perllman,sperllmang3@independent.co.uk,18518,true
581,Tammara,Lambourne,tlambourneg4@salon.com,13839,true
582,Catherina,McKeighan,cmckeighang5@washington.edu,5301,true
583,Erma,Cargon,ecargong6@blog.com,5258,true
584,Vern,Darrell,vdarrellg7@geocities.com,8378,true
585,Jorey,Aymer,jaymerg8@people.com.cn,19260,true
586,Starlene,Fricke,sfrickeg9@washingtonpost.com,18124,true
587,Eward,Plaxton,eplaxtonga@technorati.com,7278,true
588,Shandee,Roscam,sroscamgb@studiopress.com,14152,true
589,Rhodia,Trees,rtreesgc@yellowbook.com,12719,true
590,Christos,Schneider,cschneidergd@blogtalkradio.com,4710,true
591,Jo,Jozsa,jjozsage@sakura.ne.jp,16756,true
592,Delphinia,Jannex,djannexgf@google.com.hk,12004,true
593,Nelli,Smaleman,nsmalemangg@booking.com,9216,true
594,Maitilde,Brunroth,mbrunrothgh@globo.com,15253,true
595,Matilda,Trevorrow,mtrevorrowgi@ucsd.edu,6576,true
596,Philip,Lamzed,plamzedgj@google.pl,2913,true
597,Cyrillus,Romer,cromergk@1und1.de,14899,true
598,Oralee,Jacquet,ojacquetgl@columbia.edu,16802,true
599,Skell,Rude,srudegm@fc2.com,14070,true
600,Morgun,Zorro,mzorrogn@naver.com,10134,true
601,Piotr,Bathowe,pbathowego@si.edu,15316,true
602,Veda,Roark,vroarkgp@umich.edu,2732,true
603,Augusta,Durant,adurantgq@mapy.cz,5507,true
604,Webb,Leatherbarrow,wleatherbarrowgr@rambler.ru,18414,true
605,Issie,Hing,ihinggs@webnode.com,13156,true
606,Hilda,Clover,hclovergt@sitemeter.com,19485,true
607,Harald,Emanueli,hemanueligu@chron.com,3381,true
608,Aguste,Najara,anajaragv@addtoany.com,6254,true
609,Pierson,Mart,pmartgw@alibaba.com,15522,true
610,Jozef,Arkow,jarkowgx@icio.us,1244,true
611,Mitzi,Thomesson,mthomessongy@usatoday.com,11561,true
612,Catlee,Brinkler,cbrinklergz@multiply.com,16806,true
613,Marybelle,Daverin,mdaverinh0@over-blog.com,9986,true
614,Granger,Lawerence,glawerenceh1@dailymotion.com,8697,true
615,Bert,Roth,brothh2@youku.com,18354,true
616,Marika,McNamara,mmcnamarah3@examiner.com,16562,true
617,Suzy,Klimaszewski,sklimaszewskih4@theglobeandmail.com,9732,true
618,Nealon,Ovid,novidh5@1und1.de,8190,true
619,Leif,Quillinane,lquillinaneh6@businessinsider.com,8376,true
620,Gay,Spriddle,gspriddleh7@google.com.au,14453,true
621,Ruggiero,Rumford,rrumfordh8@toplist.cz,6617,true
622,Lyman,Blackley,lblackleyh9@google.com,9038,true
623,Griff,Batstone,gbatstoneha@meetup.com,6978,true
624,Nadean,Dudgeon,ndudgeonhb@delicious.com,5212,true
625,Napoleon,Yven,nyvenhc@washingtonpost.com,19796,true
626,Caitlin,Ayris,cayrishd@behance.net,3374,true
627,Ashton,Cecchi,acecchihe@yahoo.com,19590,true
628,Ashbey,Ramm,arammhf@squarespace.com,4043,true
629,Nikaniki,Jugging,njugginghg@tuttocitta.it,6920,true
630,Garald,McPhillimey,gmcphillimeyhh@marketwatch.com,1276,true
631,Grace,Poluzzi,gpoluzzihi@statcounter.com,12439,true
632,Sloan,Burrell,sburrellhj@feedburner.com,16598,true
633,Lemmy,Cotter,lcotterhk@1und1.de,15121,true
634,Gayel,Muzzillo,gmuzzillohl@taobao.com,8621,true
635,Dagny,Clowsley,dclowsleyhm@deviantart.com,11021,true
636,Tressa,Cruft,tcrufthn@t.co,2649,true
637,Wally,Speakman,wspeakmanho@homestead.com,11038,true
638,Wrennie,Guwer,wguwerhp@sciencedirect.com,17850,true
639,Norma,Meffan,nmeffanhq@businesswire.com,15883,true
640,Willie,Moodie,wmoodiehr@spotify.com,12724,true
641,Giusto,Tweedie,gtweediehs@hp.com,17185,true
642,Linn,Wardlaw,lwardlawht@blogspot.com,16127,true
643,Francene,Tolcher,ftolcherhu@blogtalkradio.com,7936,true
644,Veradis,Domokos,vdomokoshv@freewebs.com,4533,true
645,Angela,McBryde,amcbrydehw@cpanel.net,11287,true
646,Filia,Fairholm,ffairholmhx@who.int,2459,true
647,Tracy,Rozet,trozethy@imgur.com,8343,true
648,Ericka,Surridge,esurridgehz@army.mil,17639,true
649,Amalita,Rippingale,arippingalei0@cdbaby.com,14706,true
650,Peri,Jedrzejczyk,pjedrzejczyki1@trellian.com,6161,true
651,Wandie,de Zamora,wdezamorai2@goodreads.com,7322,true
652,Melva,Sink,msinki3@alexa.com,11780,true
653,Jens,Klagge,jklaggei4@tripod.com,1980,true
654,Urban,Fried,ufriedi5@ucla.edu,1072,true
655,Danice,Rickson,dricksoni6@t-online.de,13462,true
656,Ethelred,Westrope,ewestropei7@cbslocal.com,17698,true
657,Gavrielle,Cardillo,gcardilloi8@tripadvisor.com,8588,true
658,Andra,Pardue,aparduei9@si.edu,11925,true
659,Dinnie,Simchenko,dsimchenkoia@google.co.uk,2724,true
660,Rosina,Craghead,rcragheadib@pinterest.com,10470,true
661,Malinde,Coling,mcolingic@creativecommons.org,4416,true
662,Neils,Orrum,norrumid@t.co,6557,true
663,Codi,Learoyde,clearoydeie@earthlink.net,8013,true
664,Hillyer,Ferrotti,hferrottiif@pinterest.com,16722,true
665,Kenneth,Thorn,kthornig@indiatimes.com,2814,true
666,Costa,Howood,chowoodih@amazon.com,10138,true
667,Burlie,Helkin,bhelkinii@google.it,10345,true
668,Granger,Scollick,gscollickij@prnewswire.com,1503,true
669,Jacquenetta,Shoemark,jshoemarkik@4shared.com,10371,true
670,Aggie,Bomfield,abomfieldil@blogs.com,8820,true
671,Luz,Olwen,lolwenim@mac.com,9181,true
672,Shandeigh,Yankov,syankovin@canalblog.com,6314,true
673,Salmon,Joinsey,sjoinseyio@engadget.com,4717,true
674,Kale,Hadlee,khadleeip@buzzfeed.com,3368,true
675,Lindy,Drewe,ldreweiq@dropbox.com,15078,true
676,Janel,Lowseley,jlowseleyir@wsj.com,7342,true
677,Giraud,Levison,glevisonis@bbc.co.uk,3224,true
678,Della,Evetts,devettsit@alibaba.com,16232,true
679,Cart,Gobert,cgobertiu@noaa.gov,11630,true
680,Mufinella,Hullbrook,mhullbrookiv@bloglovin.com,7306,true
681,Anthia,Kellock,akellockiw@networksolutions.com,18756,true
682,Evvy,Wofenden,ewofendenix@blogger.com,17768,true
683,Olenolin,Petken,opetkeniy@printfriendly.com,8544,true
684,Skell,Woolacott,swoolacottiz@elpais.com,5462,true
685,Owen,Zincke,ozinckej0@cam.ac.uk,11410,true
686,Vickie,Thombleson,vthomblesonj1@symantec.com,18816,true
687,Fairleigh,Chater,fchaterj2@huffingtonpost.com,14634,true
688,Joel,Quayle,jquaylej3@time.com,13764,true
689,Nappy,Fossick,nfossickj4@mapy.cz,2902,true
690,Bord,Orvis,borvisj5@tumblr.com,3421,true
691,Giffer,Simkin,gsimkinj6@ovh.net,16192,true
692,Helenka,Rosso,hrossoj7@diigo.com,12277,true
693,Fabian,Copperwaite,fcopperwaitej8@comsenz.com,19246,true
694,Gerianna,Burchmore,gburchmorej9@indiegogo.com,1715,true
695,Griselda,Redmond,gredmondja@ycombinator.com,6217,true
696,Brendan,Banat,bbanatjb@telegraph.co.uk,10435,true
697,Sutherlan,Wetherell,swetherelljc@diigo.com,16596,true
698,Remington,Kilgrew,rkilgrewjd@mozilla.com,16271,true
699,Maryanna,Walkden,mwalkdenje@goodreads.com,10599,true
700,Sterling,Hindenberger,shindenbergerjf@irs.gov,1864,true
701,Marget,Beavan,mbeavanjg@utexas.edu,2340,true
702,Derick,Shillan,dshillanjh@fastcompany.com,7150,true
703,Artur,Davage,adavageji@patch.com,10209,true
704,Cleve,D'Emanuele,cdemanuelejj@sina.com.cn,7980,true
705,Ramona,Summersett,rsummersettjk@accuweather.com,18286,true
706,Ashien,Medway,amedwayjl@addthis.com,19958,true
707,Lonee,Berrington,lberringtonjm@myspace.com,12490,true
708,Cecily,Newcomen,cnewcomenjn@linkedin.com,13382,true
709,Elsworth,McElhargy,emcelhargyjo@examiner.com,2774,true
710,Barthel,Nannoni,bnannonijp@chron.com,5258,true
711,Terrye,Mainwaring,tmainwaringjq@spotify.com,19826,true
712,Nanice,Korda,nkordajr@dot.gov,2757,true
713,Val,Kift,vkiftjs@google.es,14871,true
714,Augie,Oxnam,aoxnamjt@nasa.gov,12345,true
715,Mattie,Wynch,mwynchju@slideshare.net,11820,true
716,Yoshi,Hutchison,yhutchisonjv@ow.ly,9003,true
717,Guy,Drioli,gdriolijw@issuu.com,13413,true
718,Mada,Banisch,mbanischjx@cmu.edu,11189,true
719,Piotr,Fearnley,pfearnleyjy@xing.com,12409,true
720,Idell,Bellows,ibellowsjz@vinaora.com,11361,true
721,Idalia,Soldner,isoldnerk0@ocn.ne.jp,16780,true
722,Silvan,Chipperfield,schipperfieldk1@moonfruit.com,15498,true
723,Ginger,Beche,gbechek2@woothemes.com,11451,true
724,Maurise,Anespie,manespiek3@phoca.cz,7704,true
725,Lyndsay,Tovey,ltoveyk4@vistaprint.com,12796,true
726,Kipp,Dorbin,kdorbink5@domainmarket.com,2092,true
727,Clem,Macura,cmacurak6@last.fm,6872,true
728,Rowan,Fleay,rfleayk7@xinhuanet.com,16141,true
729,Burk,McElrath,bmcelrathk8@mac.com,18810,true
730,Selle,Pocke,spockek9@unblog.fr,3939,true
731,Waylin,Wyper,wwyperka@gravatar.com,14912,true
732,Benedicta,Lawless,blawlesskb@ow.ly,4614,true
733,Eli,Lindenbluth,elindenbluthkc@unicef.org,13647,true
734,Priscilla,Ebbrell,pebbrellkd@ibm.com,12106,true
735,Chico,Patshull,cpatshullke@yahoo.co.jp,19876,true
736,Anders,Kempe,akempekf@bbb.org,7387,true
737,Carlin,Padberry,cpadberrykg@networkadvertising.org,8541,true
738,Tyrus,Samsonsen,tsamsonsenkh@123-reg.co.uk,19219,true
739,Christophe,Pitcaithley,cpitcaithleyki@reuters.com,8737,true
740,Armando,Barrowcliff,abarrowcliffkj@craigslist.org,17583,true
741,Daisy,Wallbank,dwallbankkk@devhub.com,8475,true
742,Deva,Barsam,dbarsamkl@prnewswire.com,1538,true
743,Sebastiano,Flacknoe,sflacknoekm@hao123.com,1887,true
744,Roxane,Terrans,rterranskn@seattletimes.com,10155,true
745,Wally,Dagger,wdaggerko@scribd.com,7222,true
746,Elliot,Whatling,ewhatlingkp@statcounter.com,10812,true
747,Adora,Giovani,agiovanikq@npr.org,15021,true
748,Alyss,Dowse,adowsekr@howstuffworks.com,5463,true
749,Marshal,Elderkin,melderkinks@gravatar.com,14920,true
750,Binni,Gockeler,bgockelerkt@feedburner.com,16180,true
751,Nelli,Barlas,nbarlasku@g.co,3826,true
752,Kamila,Ambrosini,kambrosinikv@etsy.com,14704,true
753,Shelly,Haggard,shaggardkw@goo.gl,18299,true
754,Norean,Brealey,nbrealeykx@unblog.fr,10955,true
755,Noah,Kettle,nkettleky@weather.com,6811,true
756,Waverly,Towsey,wtowseykz@salon.com,7286,true
757,Kimmie,Featenby,kfeatenbyl0@google.ca,15741,true
758,Edward,Cumbridge,ecumbridgel1@usda.gov,2956,true
759,Charissa,Artin,cartinl2@lycos.com,9334,true
760,Gerladina,Cockill,gcockilll3@marriott.com,18842,true
761,Sutherland,Fidock,sfidockl4@pbs.org,8006,true
762,Tucky,McRoberts,tmcrobertsl5@ycombinator.com,13715,true
763,Lou,Hammill,lhammilll6@un.org,4320,true
764,Agnesse,Kerfoot,akerfootl7@sitemeter.com,14276,true
765,Lorrayne,Chipp,lchippl8@ow.ly,5704,true
766,Eleanora,Ickovitz,eickovitzl9@freewebs.com,2075,true
767,Joseph,Simonnot,jsimonnotla@nifty.com,5618,true
768,Moe,Winborn,mwinbornlb@joomla.org,3631,true
769,Darrick,Itshak,ditshaklc@tinyurl.com,18264,true
770,Brandtr,Castelain,bcastelainld@google.cn,3938,true
771,Koressa,Giacomazzo,kgiacomazzole@jigsy.com,19721,true
772,Caroline,Wrightam,cwrightamlf@wisc.edu,6990,true
773,Betteanne,Kyme,bkymelg@house.gov,5957,true
774,Nanice,Gettens,ngettenslh@thetimes.co.uk,18855,true
775,Athene,O'Sherin,aosherinli@pcworld.com,12035,true
776,Lacie,Gurr,lgurrlj@multiply.com,15637,true
777,Claudianus,Cupitt,ccupittlk@barnesandnoble.com,8459,true
778,Tucker,Bramford,tbramfordll@parallels.com,15352,true
779,Rosabelle,Risbrough,rrisbroughlm@vk.com,9089,true
780,Jeramie,Cecere,jcecereln@artisteer.com,15042,true
781,Waverley,Morcomb,wmorcomblo@spotify.com,13799,true
782,Gradeigh,Shelford,gshelfordlp@wufoo.com,6460,true
783,Fair,Bennis,fbennislq@gnu.org,4460,true
784,Alix,O'Luby,aolubylr@list-manage.com,18171,true
785,Nissa,Fairholme,nfairholmels@myspace.com,6237,true
786,Sherrie,Seals,ssealslt@nytimes.com,15316,true
787,Hussein,Ivankov,hivankovlu@nba.com,19336,true
788,Lenette,Kernermann,lkernermannlv@geocities.com,9930,true
789,Stuart,Wimpeney,swimpeneylw@toplist.cz,15925,true
790,Emalee,McGiff,emcgifflx@gizmodo.com,17169,true
791,Boniface,Elwyn,belwynly@youku.com,3450,true
792,Helen-elizabeth,Howison,hhowisonlz@sciencedirect.com,16609,true
793,Kennith,Beeze,kbeezem0@etsy.com,10572,true
794,Bethina,Warrell,bwarrellm1@blinklist.com,14148,true
795,Scarface,Hatwell,shatwellm2@scribd.com,6778,true
796,Alic,Rosser,arosserm3@deviantart.com,14426,true
797,Patricia,Woodcraft,pwoodcraftm4@1688.com,5174,true
798,Rudd,Kindall,rkindallm5@paypal.com,2334,true
799,Johnnie,Trumpeter,jtrumpeterm6@cloudflare.com,15466,true
800,Marabel,Whitehurst,mwhitehurstm7@statcounter.com,2523,true
801,Julianna,French,jfrenchm8@jugem.jp,10160,true
802,Artemas,Flaxman,aflaxmanm9@uiuc.edu,6325,true
803,Jaime,Jimson,jjimsonma@japanpost.jp,5878,true
804,Babara,Laffan,blaffanmb@cafepress.com,19502,true
805,Rhodie,Batterham,rbatterhammc@google.com.au,18356,true
806,Rowland,Oxshott,roxshottmd@phpbb.com,2879,true
807,Homer,Postill,hpostillme@guardian.co.uk,17838,true
808,Bastien,Rushmere,brushmeremf@google.fr,13360,true
809,Luciana,Sheehy,lsheehymg@liveinternet.ru,9349,true
810,Judie,Measor,jmeasormh@so-net.ne.jp,17868,true
811,Jo,Aimable,jaimablemi@issuu.com,9524,true
812,Parnell,Wallage,pwallagemj@nyu.edu,9232,true
813,Ware,Sterman,wstermanmk@indiatimes.com,18678,true
814,Antoine,Tuberfield,atuberfieldml@dmoz.org,3993,true
815,Cairistiona,Hardwidge,chardwidgemm@histats.com,6792,true
816,Tedd,Wisson,twissonmn@noaa.gov,14306,true
817,Clemmie,Sherer,csherermo@elegantthemes.com,11602,true
818,Latia,Smye,lsmyemp@twitter.com,17636,true
819,Florie,Briereton,fbrieretonmq@google.ca,10742,true
820,Maggi,Normanvill,mnormanvillmr@pen.io,19733,true
821,Conant,Arlett,carlettms@sbwire.com,1314,true
822,Yale,Stanbury,ystanburymt@yolasite.com,15195,true
823,Milli,McClaurie,mmcclauriemu@naver.com,3740,true
824,Lezlie,Cheverton,lchevertonmv@nytimes.com,17645,true
825,Preston,Gullam,pgullammw@google.com.br,17550,true
826,Lissy,Peatheyjohns,lpeatheyjohnsmx@usgs.gov,3094,true
827,Tracie,Lideard,tlideardmy@amazon.co.jp,16781,true
828,Kalinda,Boyne,kboynemz@youtu.be,3492,true
829,Janene,Bartoszek,jbartoszekn0@intel.com,14706,true
830,Liuka,Gillogley,lgillogleyn1@huffingtonpost.com,6017,true
831,Robbie,McMorran,rmcmorrann2@soup.io,17836,true
832,Barron,Verheyden,bverheydenn3@marketwatch.com,5719,true
833,Meryl,Belding,mbeldingn4@cmu.edu,13637,true
834,Wilfred,Cleminshaw,wcleminshawn5@statcounter.com,4665,true
835,Prescott,Bilston,pbilstonn6@china.com.cn,15420,true
836,Dwayne,Sangster,dsangstern7@disqus.com,6520,true
837,Allyson,Blunsen,ablunsenn8@dedecms.com,9017,true
838,Gwyneth,Grafhom,ggrafhomn9@netscape.com,18962,true
839,Constantine,Hackin,chackinna@squidoo.com,9802,true
840,Cecilio,Elgie,celgienb@addtoany.com,10669,true
841,Maris,Cherry,mcherrync@freewebs.com,10467,true
842,Evanne,Wisdish,ewisdishnd@whitehouse.gov,18997,true
843,Betty,Fist,bfistne@dmoz.org,9636,true
844,Angelita,Verlinden,averlindennf@nytimes.com,1658,true
845,Herbert,Itzkov,hitzkovng@prnewswire.com,18544,true
846,Sher,Voelker,svoelkernh@chron.com,10205,true
847,Astrix,Crumley,acrumleyni@typepad.com,1002,true
848,Reina,Adamczewski,radamczewskinj@google.com.hk,8963,true
849,Gerty,Schenkel,gschenkelnk@yelp.com,12663,true
850,Templeton,Wyper,twypernl@ucoz.ru,7506,true
851,Maggy,Peres,mperesnm@usatoday.com,8550,true
852,Gavrielle,Elkins,gelkinsnn@wikipedia.org,1086,true
853,Ethyl,Haydock,ehaydockno@scientificamerican.com,15493,true
854,Georgiana,Ghio,gghionp@ameblo.jp,15201,true
855,Clementine,Spybey,cspybeynq@pcworld.com,15881,true
856,Vernor,Reuble,vreublenr@woothemes.com,2320,true
857,Karlens,Rafter,krafterns@foxnews.com,1343,true
858,Holt,Camelin,hcamelinnt@auda.org.au,8561,true
859,Lonee,Eagleston,leaglestonnu@angelfire.com,11987,true
860,Georgine,Doorly,gdoorlynv@yelp.com,7062,true
861,Ranna,Harcourt,rharcourtnw@latimes.com,10469,true
862,Adan,Crockley,acrockleynx@miitbeian.gov.cn,16510,true
863,Erick,Sprigging,espriggingny@bloglines.com,9200,true
864,Devinne,Goodlip,dgoodlipnz@qq.com,17370,true
865,Goddard,Reeson,greesono0@psu.edu,5392,true
866,Hildegarde,Ondrusek,hondruseko1@tripod.com,19464,true
867,Ernaline,Dorward,edorwardo2@joomla.org,9546,true
868,Dina,Penticoot,dpenticooto3@nationalgeographic.com,12322,true
869,Reynolds,Hurrell,rhurrello4@bloomberg.com,17045,true
870,Ninon,Heartfield,nheartfieldo5@ow.ly,16148,true
871,Ann,O'Heneghan,aoheneghano6@nba.com,4575,true
872,Lucas,Kearey,lkeareyo7@yahoo.com,11876,true
873,Valdemar,Dulson,vdulsono8@phpbb.com,15696,true
874,Veda,Blaby,vblabyo9@npr.org,15945,true
875,Natala,Sammon,nsammonoa@acquirethisname.com,15849,true
876,Juliana,Beecham,jbeechamob@vimeo.com,18001,true
877,Rosco,Carswell,rcarswelloc@google.co.uk,14497,true
878,Berty,Feather,bfeatherod@php.net,10749,true
879,Teresina,Bartunek,tbartunekoe@statcounter.com,19398,true
880,Nicolai,Daouse,ndaouseof@newsvine.com,4606,true
881,Bidget,Matschek,bmatschekog@uol.com.br,13065,true
882,Ulysses,Yearnes,uyearnesoh@hp.com,8644,true
883,Fionna,Shearman,fshearmanoi@1688.com,4745,true
884,Grier,Wellwood,gwellwoodoj@blog.com,10259,true
885,Edlin,Keaveney,ekeaveneyok@e-recht24.de,10219,true
886,Daisie,Ditzel,dditzelol@buzzfeed.com,2261,true
887,Lorrayne,Cuming,lcumingom@ed.gov,12186,true
888,Hinda,Halsted,hhalstedon@berkeley.edu,18933,true
889,Kienan,Messenger,kmessengeroo@ted.com,1545,true
890,Tamas,Dewey,tdeweyop@technorati.com,1634,true
891,Maddy,Morales,mmoralesoq@buzzfeed.com,14468,true
892,Faustina,Megany,fmeganyor@auda.org.au,17431,true
893,Denni,Goretti,dgorettios@newsvine.com,12139,true
894,Shirl,Woodcroft,swoodcroftot@eventbrite.com,12775,true
895,Cecile,Bruyet,cbruyetou@freewebs.com,3594,true
896,Enos,Hursthouse,ehursthouseov@harvard.edu,2180,true
897,Lorrin,Maffey,lmaffeyow@e-recht24.de,16424,true
898,Kellen,Kilgrew,kkilgrewox@ted.com,15419,true
899,Ev,Daskiewicz,edaskiewiczoy@spiegel.de,17155,true
900,Andrus,Phillott,aphillottoz@aol.com,11484,true
901,Juliane,Asmus,jasmusp0@smugmug.com,16067,true
902,Norma,Glamart,nglamartp1@yandex.ru,12130,true
903,Riki,Checklin,rchecklinp2@marketwatch.com,19783,true
904,Keri,Sanders,ksandersp3@weather.com,10488,true
905,Evy,Bigglestone,ebigglestonep4@wsj.com,10756,true
906,Gorden,Newe,gnewep5@163.com,7819,true
907,Stephie,Blyth,sblythp6@yale.edu,4482,true
908,Katharina,Loxly,kloxlyp7@ifeng.com,12367,true
909,Inez,Budding,ibuddingp8@nasa.gov,18225,true
910,Dorella,Look,dlookp9@psu.edu,1774,true
911,Osbourne,Fiske,ofiskepa@privacy.gov.au,19645,true
912,Janaya,Iuorio,jiuoriopb@admin.ch,9095,true
913,Calli,Crowley,ccrowleypc@engadget.com,15224,true
914,Clemens,Rapelli,crapellipd@about.com,14824,true
915,Stanleigh,Ferencz,sferenczpe@dailymail.co.uk,6484,true
916,Celie,Akehurst,cakehurstpf@storify.com,8022,true
917,Reinhold,Reed,rreedpg@engadget.com,9634,true
918,Kathie,Coppock.,kcoppockph@archive.org,9607,true
919,Daisi,Bloor,dbloorpi@dailymotion.com,17685,true
920,Glynnis,Pietzker,gpietzkerpj@go.com,17398,true
921,Cassie,Wisdom,cwisdompk@thetimes.co.uk,8591,true
922,Isadora,Clabburn,iclabburnpl@psu.edu,10719,true
923,Essie,Possell,epossellpm@princeton.edu,7577,true
924,Minni,McConnachie,mmcconnachiepn@alexa.com,15151,true
925,Drusilla,O'Donnelly,dodonnellypo@state.gov,10188,true
926,Trish,Heeron,theeronpp@techcrunch.com,6733,true
927,Reagen,Creagh,rcreaghpq@com.com,6138,true
928,Sheffie,St Ledger,sstledgerpr@unc.edu,15451,true
929,Valida,Varsey,vvarseyps@people.com.cn,1716,true
930,Quill,London,qlondonpt@businessweek.com,11891,true
931,Horatio,Stegers,hstegerspu@sciencedirect.com,11132,true
932,Marcus,Furlow,mfurlowpv@php.net,5068,true
933,Mata,Swyer-Sexey,mswyersexeypw@privacy.gov.au,19819,true
934,Jozef,Bromley,jbromleypx@meetup.com,2098,true
935,Chelsae,Kores,ckorespy@sbwire.com,15906,true
936,Allis,Shakespeare,ashakespearepz@google.com,15647,true
937,Corabel,Abrehart,cabrehartq0@oracle.com,15848,true
938,Hatty,Fenton,hfentonq1@hibu.com,14581,true
939,Angelo,Cheng,achengq2@weibo.com,14477,true
940,Bernete,Pietrzak,bpietrzakq3@netlog.com,5528,true
941,Sayre,Bonde,sbondeq4@t.co,13585,true
942,Sidonnie,Foyston,sfoystonq5@state.tx.us,8536,true
943,Staffard,Ashurst,sashurstq6@google.com.au,4455,true
944,Chandal,Beebis,cbeebisq7@forbes.com,10685,true
945,Rustin,Androsik,randrosikq8@unblog.fr,9120,true
946,Arnie,Jacke,ajackeq9@cbsnews.com,7193,true
947,Maren,Caspell,mcaspellqa@chicagotribune.com,10191,true
948,Agathe,Oliphard,aoliphardqb@youku.com,13724,true
949,Carlye,MacAnellye,cmacanellyeqc@java.com,15350,true
950,Darnall,Flack,dflackqd@cyberchimps.com,3229,true
951,Ora,Ivakhno,oivakhnoqe@home.pl,14393,true
952,Raul,Pallaske,rpallaskeqf@weather.com,5034,true
953,Perl,Skully,pskullyqg@weibo.com,15784,true
954,Zondra,Rablan,zrablanqh@constantcontact.com,18316,true
955,Kerwinn,Ismail,kismailqi@earthlink.net,2206,true
956,Isaac,MacLardie,imaclardieqj@tumblr.com,3023,true
957,Gary,Girvin,ggirvinqk@japanpost.jp,5152,true
958,Clarance,Benedtti,cbenedttiql@com.com,16334,true
959,Ava,McClenan,amcclenanqm@mapquest.com,10214,true
960,Rodd,Bellows,rbellowsqn@domainmarket.com,1105,true
961,Gerta,Humbatch,ghumbatchqo@gov.uk,15657,true
962,Delano,Goldston,dgoldstonqp@latimes.com,16908,true
963,Cletis,Yude,cyudeqq@gravatar.com,12709,true
964,Fayette,Conew,fconewqr@weibo.com,11225,true
965,Aurlie,Candlin,acandlinqs@vimeo.com,16922,true
966,Winnifred,Strowther,wstrowtherqt@blogs.com,16521,true
967,Nata,Fosdike,nfosdikequ@time.com,17329,true
968,Therine,Krzysztof,tkrzysztofqv@fotki.com,3570,true
969,Allissa,McArthur,amcarthurqw@wunderground.com,13879,true
970,Sena,Presman,spresmanqx@techcrunch.com,5850,true
971,Patrice,Valentinuzzi,pvalentinuzziqy@cyberchimps.com,6341,true
972,Brennen,Langley,blangleyqz@reuters.com,18390,true
973,Leda,Sillitoe,lsillitoer0@e-recht24.de,15343,true
974,Lorne,Asif,lasifr1@google.co.jp,2432,true
975,Leonid,Novelli,lnovellir2@sun.com,11410,true
976,Farlee,Limer,flimerr3@cbc.ca,12934,true
977,Zorah,Frodsam,zfrodsamr4@g.co,12258,true
978,Fleming,Dransfield,fdransfieldr5@bloomberg.com,5817,true
979,Jaimie,Cancellario,jcancellarior6@alexa.com,15077,true
980,Kittie,Syres,ksyresr7@google.de,17564,true
981,Sterne,Peret,speretr8@surveymonkey.com,6021,true
982,Parker,Bloxham,pbloxhamr9@bbc.co.uk,12053,true
983,Maje,Roby,mrobyra@twitter.com,9298,true
984,Felipe,Petrescu,fpetrescurb@flickr.com,10952,true
985,Avivah,Hector,ahectorrc@slate.com,5483,true
986,Berti,Snalom,bsnalomrd@skyrock.com,8593,true
987,Beau,Fragino,bfraginore@vimeo.com,3397,true
988,Warren,Bevington,wbevingtonrf@yahoo.com,9298,true
989,Raviv,Berk,rberkrg@csmonitor.com,14894,true
990,Olin,McKeighan,omckeighanrh@storify.com,1693,true
991,Kathryne,Jedrzejczak,kjedrzejczakri@bloglines.com,6186,true
992,Gabbie,Fancy,gfancyrj@tamu.edu,16437,true
993,Bobby,Falloon,bfalloonrk@stumbleupon.com,18106,true
994,Panchito,McGunley,pmcgunleyrl@ustream.tv,9928,true
995,Lemmie,Henriquet,lhenriquetrm@blogtalkradio.com,12837,true
996,Nollie,Bardell,nbardellrn@slideshare.net,10562,true
997,Thaxter,Bleaden,tbleadenro@technorati.com,10314,true
998,Jaquenetta,Ridhole,jridholerp@home.pl,11392,true
999,Juana,Achurch,jachurchrq@sfgate.com,15371,true
1000,Mathian,Meffin,mmeffinrr@elegantthemes.com,6772,true
